# id,filename_on_disk,filename_in_archive
# font replacement
0,temp\FONT.png,FONT.PNG
# high-quality redrawn backgrounds
1,sg-edited-images\bg\BG24A1.png,BG24A1.png
2,sg-edited-images\bg\BG24A3.png,BG24A3.png
3,sg-edited-images\bg\BG24E1.png,BG24E1.png
4,sg-edited-images\bg\BG24E3.png,BG24E3.png
5,sg-edited-images\bg\BG24N1.png,BG24N1.png
6,sg-edited-images\bg\BG24N3.png,BG24N3.png
7,sg-edited-images\bg\IBG006.png,IBG006.png
8,sg-edited-images\bg\IBG011.png,IBG011.png
9,sg-edited-images\bg\IBG013A.png,IBG013A.png
10,sg-edited-images\bg\IBG013B.png,IBG013B.png
11,sg-edited-images\bg\IBG013C.png,IBG013C.png
12,sg-edited-images\bg\IBG013D.png,IBG013D.png
13,sg-edited-images\bg\IBG013E.png,IBG013E.png
14,sg-edited-images\bg\IBG013F.png,IBG013F.png
15,sg-edited-images\bg\IBG013G.png,IBG013G.png
16,sg-edited-images\bg\IBG013H.png,IBG013H.png
17,sg-edited-images\bg\IBG013I.png,IBG013I.png
18,sg-edited-images\bg\IBG013J.png,IBG013J.png
19,sg-edited-images\bg\IBG013K.png,IBG013K.png
20,sg-edited-images\bg\IBG013L.png,IBG013L.png
21,sg-edited-images\bg\IBG013M.png,IBG013M.png
22,sg-edited-images\bg\IBG013N.png,IBG013N.png
23,sg-edited-images\bg\IBG013O.png,IBG013O.png
24,sg-edited-images\bg\IBG013P.png,IBG013P.png
25,sg-edited-images\bg\IBG014A.png,IBG014A.png
26,sg-edited-images\bg\IBG014B.png,IBG014B.png
27,sg-edited-images\bg\IBG014C.png,IBG014C.png
28,sg-edited-images\bg\IBG014D.png,IBG014D.png
29,sg-edited-images\bg\IBG014E.png,IBG014E.png
30,sg-edited-images\bg\IBG015B.png,IBG015B.png
31,sg-edited-images\bg\IBG015C.png,IBG015C.png
32,sg-edited-images\bg\IBG015D.png,IBG015D.png
33,sg-edited-images\bg\IBG015E.png,IBG015E.png
34,sg-edited-images\bg\IBG015F.png,IBG015F.png
35,sg-edited-images\bg\IBG017.png,IBG017.png
36,sg-edited-images\bg\IBG043.png,IBG043.png
#37,sg-edited-images\bg\IBG047.png,IBG047.png
38,sg-edited-images\bg\IBG054.png,IBG054.png
39,sg-edited-images\bg\IBG058A.png,IBG058A.png
40,sg-edited-images\bg\IBG058B.png,IBG058B.png
41,sg-edited-images\bg\IBG058C.png,IBG058C.png
42,sg-edited-images\bg\IBG058D.png,IBG058D.png
43,sg-edited-images\bg\IBG058E.png,IBG058E.png
44,sg-edited-images\bg\IBG058F.png,IBG058F.png
45,sg-edited-images\bg\IBG058G.png,IBG058G.png
46,sg-edited-images\bg\IBG058H.png,IBG058H.png
47,sg-edited-images\bg\IBG058I.png,IBG058I.png
48,sg-edited-images\bg\IBG058J.png,IBG058J.png
49,sg-edited-images\bg\IBG066.png,IBG066.png
50,sg-edited-images\bg\IBG091.png,IBG091.png
51,sg-edited-images\bg\IBG094.png,IBG094.png
52,sg-edited-images\bg\IBG095.png,IBG095.png
53,sg-edited-images\bg\IBG097.png,IBG097.png
54,sg-edited-images\bg\IBG099.png,IBG099.png
# TL fix
55,sg-edited-images\system\CONFIG.dds,CONFIG.dds
56,sg-edited-images\system\PHONE_C.DDS,PHONE_C.DDS
57,sg-edited-images\system\MOVMENU.DDS,MOVMENU.DDS
58,sg-edited-images\manual\PAGE2.PNG,PAGE2.PNG
# new
59,sg-edited-images\bg\IBG092.png,IBG092.png
60,sg-edited-images\bg\BG06A1.png,BG06A1.png
61,sg-edited-images\bg\BG06A2.png,BG06A2.png
62,sg-edited-images\bg\BG06A3.png,BG06A3.png
63,sg-edited-images\bg\BG06A4.png,BG06A4.png
64,sg-edited-images\bg\BG28A2.png,BG28A2.png
65,sg-edited-images\bg\BG28A5.png,BG28A5.png
66,sg-edited-images\bg\BG41A2.png,BG41A2.png
67,sg-edited-images\bg\EV_F01A.png,EV_F01A.png
68,sg-edited-images\bg\EV_F02A.png,EV_F02A.png
69,sg-edited-images\bg\IBG027.png,IBG027.png
70,sg-edited-images\bg\IBG028.png,IBG028.png
71,sg-edited-images\bg\IBG041.png,IBG041.png
72,sg-edited-images\bg\IBG042.png,IBG042.png
73,sg-edited-images\bg\IBG052.png,IBG052.png
74,sg-edited-images\bg\IBG053.png,IBG053.png
75,sg-edited-images\bg\IBG082.png,IBG082.png
76,sg-edited-images\system\DATA01.dds,DATA01.dds
77,sg-edited-images\bg\IBG004.png,IBG004.png
78,sg-edited-images\bg\IBG055.png,IBG055.png
#Cosplay Patch CG
79,sg-edited-images\bg\IBG777.png,IBG777.png
#Patent CG
80,sg-edited-images\bg\IBG098.png,IBG098.png
#Cosplay Patch Sprites
81,sg-edited-images\chara\CRS_ALA.png,CRS_ALA.png
82,sg-edited-images\chara\CRS_ALA_.lay,CRS_ALA_.lay
83,sg-edited-images\chara\CRS_ALB.png,CRS_ALB.png
84,sg-edited-images\chara\CRS_ALB_.lay,CRS_ALB_.lay
85,sg-edited-images\chara\CRS_ALC.png,CRS_ALC.png
86,sg-edited-images\chara\CRS_ALC_.lay,CRS_ALC_.lay
87,sg-edited-images\chara\CRS_AMA.png,CRS_AMA.png
88,sg-edited-images\chara\CRS_AMA_.lay,CRS_AMA_.lay
89,sg-edited-images\chara\CRS_AMB.png,CRS_AMB.png
90,sg-edited-images\chara\CRS_AMB_.lay,CRS_AMB_.lay
91,sg-edited-images\chara\CRS_AMC.png,CRS_AMC.png
92,sg-edited-images\chara\CRS_AMC_.lay,CRS_AMC_.lay
93,sg-edited-images\chara\CRS_ASA.png,CRS_ASA.png
94,sg-edited-images\chara\CRS_ASA_.lay,CRS_ASA_.lay
95,sg-edited-images\chara\CRS_ASB.png,CRS_ASB.png
96,sg-edited-images\chara\CRS_ASB_.lay,CRS_ASB_.lay
97,sg-edited-images\chara\CRS_ASC.png,CRS_ASC.png
98,sg-edited-images\chara\CRS_ASC_.lay,CRS_ASC_.lay
99,sg-edited-images\chara\DAR_ALA.png,DAR_ALA.png
100,sg-edited-images\chara\DAR_ALA_.lay,DAR_ALA_.lay
101,sg-edited-images\chara\DAR_ALB.png,DAR_ALB.png
102,sg-edited-images\chara\DAR_ALB_.lay,DAR_ALB_.lay
103,sg-edited-images\chara\DAR_AMA.png,DAR_AMA.png
104,sg-edited-images\chara\DAR_AMA_.lay,DAR_AMA_.lay
105,sg-edited-images\chara\DAR_AMB.png,DAR_AMB.png
106,sg-edited-images\chara\DAR_AMB_.lay,DAR_AMB_.lay
107,sg-edited-images\chara\DAR_ASA.png,DAR_ASA.png
108,sg-edited-images\chara\DAR_ASA_.lay,DAR_ASA_.lay
109,sg-edited-images\chara\DAR_ASB.png,DAR_ASB.png
110,sg-edited-images\chara\DAR_ASB_.lay,DAR_ASB_.lay
111,sg-edited-images\chara\FEI_ALA.png,FEI_ALA.png
112,sg-edited-images\chara\FEI_ALA_.lay,FEI_ALA_.lay
113,sg-edited-images\chara\FEI_ALB.png,FEI_ALB.png
114,sg-edited-images\chara\FEI_ALB_.lay,FEI_ALB_.lay
115,sg-edited-images\chara\FEI_ALC.png,FEI_ALC.png
116,sg-edited-images\chara\FEI_ALC_.lay,FEI_ALC_.lay
117,sg-edited-images\chara\FEI_AMA.png,FEI_AMA.png
118,sg-edited-images\chara\FEI_AMA_.lay,FEI_AMA_.lay
119,sg-edited-images\chara\FEI_AMB.png,FEI_AMB.png
120,sg-edited-images\chara\FEI_AMB_.lay,FEI_AMB_.lay
121,sg-edited-images\chara\FEI_AMC.png,FEI_AMC.png
122,sg-edited-images\chara\FEI_AMC_.lay,FEI_AMC_.lay
123,sg-edited-images\chara\FEI_ASA.png,FEI_ASA.png
124,sg-edited-images\chara\FEI_ASA_.lay,FEI_ASA_.lay
125,sg-edited-images\chara\FEI_ASB.png,FEI_ASB.png
126,sg-edited-images\chara\FEI_ASB_.lay,FEI_ASB_.lay
127,sg-edited-images\chara\FEI_ASC.png,FEI_ASC.png
128,sg-edited-images\chara\FEI_ASC_.lay,FEI_ASC_.lay
129,sg-edited-images\chara\FEI_CLA.png,FEI_CLA.png
130,sg-edited-images\chara\FEI_CLA_.lay,FEI_CLA_.lay
131,sg-edited-images\chara\FEI_CLB.png,FEI_CLB.png
132,sg-edited-images\chara\FEI_CLB_.lay,FEI_CLB_.lay
133,sg-edited-images\chara\FEI_CLC.png,FEI_CLC.png
134,sg-edited-images\chara\FEI_CLC_.lay,FEI_CLC_.lay
135,sg-edited-images\chara\FEI_CMA.png,FEI_CMA.png
136,sg-edited-images\chara\FEI_CMA_.lay,FEI_CMA_.lay
137,sg-edited-images\chara\FEI_CMB.png,FEI_CMB.png
138,sg-edited-images\chara\FEI_CMB_.lay,FEI_CMB_.lay
139,sg-edited-images\chara\FEI_CMC.png,FEI_CMC.png
140,sg-edited-images\chara\FEI_CMC_.lay,FEI_CMC_.lay
141,sg-edited-images\chara\FEI_CSA.png,FEI_CSA.png
142,sg-edited-images\chara\FEI_CSA_.lay,FEI_CSA_.lay
143,sg-edited-images\chara\FEI_CSB.png,FEI_CSB.png
144,sg-edited-images\chara\FEI_CSB_.lay,FEI_CSB_.lay
145,sg-edited-images\chara\FEI_CSC.png,FEI_CSC.png
146,sg-edited-images\chara\FEI_CSC_.lay,FEI_CSC_.lay
147,sg-edited-images\chara\FPP_ALA.png,FPP_ALA.png
148,sg-edited-images\chara\FPP_ALA_.lay,FPP_ALA_.lay
149,sg-edited-images\chara\FPP_AMA.png,FPP_AMA.png
150,sg-edited-images\chara\FPP_AMA_.lay,FPP_AMA_.lay
151,sg-edited-images\chara\FPP_ASA.png,FPP_ASA.png
152,sg-edited-images\chara\FPP_ASA_.lay,FPP_ASA_.lay
153,sg-edited-images\chara\MAY_ALA.png,MAY_ALA.png
154,sg-edited-images\chara\MAY_ALA_.lay,MAY_ALA_.lay
155,sg-edited-images\chara\MAY_ALB.png,MAY_ALB.png
156,sg-edited-images\chara\MAY_ALB_.lay,MAY_ALB_.lay
157,sg-edited-images\chara\MAY_ALC.png,MAY_ALC.png
158,sg-edited-images\chara\MAY_ALC_.lay,MAY_ALC_.lay
159,sg-edited-images\chara\MAY_AMA.png,MAY_AMA.png
160,sg-edited-images\chara\MAY_AMA_.lay,MAY_AMA_.lay
161,sg-edited-images\chara\MAY_AMB.png,MAY_AMB.png
162,sg-edited-images\chara\MAY_AMB_.lay,MAY_AMB_.lay
163,sg-edited-images\chara\MAY_AMC.png,MAY_AMC.png
164,sg-edited-images\chara\MAY_AMC_.lay,MAY_AMC_.lay
165,sg-edited-images\chara\MAY_ASA.png,MAY_ASA.png
166,sg-edited-images\chara\MAY_ASA_.lay,MAY_ASA_.lay
167,sg-edited-images\chara\MAY_ASB.png,MAY_ASB.png
168,sg-edited-images\chara\MAY_ASB_.lay,MAY_ASB_.lay
169,sg-edited-images\chara\MAY_ASC.png,MAY_ASC.png
170,sg-edited-images\chara\MAY_ASC_.lay,MAY_ASC_.lay
171,sg-edited-images\chara\MAY_BLA.png,MAY_BLA.png
172,sg-edited-images\chara\MAY_BLA_.lay,MAY_BLA_.lay
173,sg-edited-images\chara\MAY_BLB.png,MAY_BLB.png
174,sg-edited-images\chara\MAY_BLB_.lay,MAY_BLB_.lay
175,sg-edited-images\chara\MAY_BLC.png,MAY_BLC.png
176,sg-edited-images\chara\MAY_BLC_.lay,MAY_BLC_.lay
177,sg-edited-images\chara\MAY_BMA.png,MAY_BMA.png
178,sg-edited-images\chara\MAY_BMA_.lay,MAY_BMA_.lay
179,sg-edited-images\chara\MAY_BMB.png,MAY_BMB.png
180,sg-edited-images\chara\MAY_BMB_.lay,MAY_BMB_.lay
181,sg-edited-images\chara\MAY_BMC.png,MAY_BMC.png
182,sg-edited-images\chara\MAY_BMC_.lay,MAY_BMC_.lay
183,sg-edited-images\chara\MAY_BSA.png,MAY_BSA.png
184,sg-edited-images\chara\MAY_BSA_.lay,MAY_BSA_.lay
185,sg-edited-images\chara\MAY_BSB.png,MAY_BSB.png
186,sg-edited-images\chara\MAY_BSB_.lay,MAY_BSB_.lay
187,sg-edited-images\chara\MAY_BSC.png,MAY_BSC.png
188,sg-edited-images\chara\MAY_BSC_.lay,MAY_BSC_.lay
189,sg-edited-images\chara\MOE_ALA.png,MOE_ALA.png
190,sg-edited-images\chara\MOE_ALA_.lay,MOE_ALA_.lay
191,sg-edited-images\chara\MOE_ALB.png,MOE_ALB.png
192,sg-edited-images\chara\MOE_ALB_.lay,MOE_ALB_.lay
193,sg-edited-images\chara\MOE_AMA.png,MOE_AMA.png
194,sg-edited-images\chara\MOE_AMA_.lay,MOE_AMA_.lay
195,sg-edited-images\chara\MOE_AMB.png,MOE_AMB.png
196,sg-edited-images\chara\MOE_AMB_.lay,MOE_AMB_.lay
197,sg-edited-images\chara\MOE_ASA.png,MOE_ASA.png
198,sg-edited-images\chara\MOE_ASA_.lay,MOE_ASA_.lay
199,sg-edited-images\chara\MOE_ASB.png,MOE_ASB.png
200,sg-edited-images\chara\MOE_ASB_.lay,MOE_ASB_.lay
201,sg-edited-images\chara\MOE_BLA.png,MOE_BLA.png
202,sg-edited-images\chara\MOE_BLA_.lay,MOE_BLA_.lay
203,sg-edited-images\chara\MOE_BLB.png,MOE_BLB.png
204,sg-edited-images\chara\MOE_BLB_.lay,MOE_BLB_.lay
205,sg-edited-images\chara\MOE_BMA.png,MOE_BMA.png
206,sg-edited-images\chara\MOE_BMA_.lay,MOE_BMA_.lay
207,sg-edited-images\chara\MOE_BMB.png,MOE_BMB.png
208,sg-edited-images\chara\MOE_BMB_.lay,MOE_BMB_.lay
209,sg-edited-images\chara\MOE_BSA.png,MOE_BSA.png
210,sg-edited-images\chara\MOE_BSA_.lay,MOE_BSA_.lay
211,sg-edited-images\chara\MOE_BSB.png,MOE_BSB.png
212,sg-edited-images\chara\MOE_BSB_.lay,MOE_BSB_.lay
213,sg-edited-images\chara\NAE_ALA.png,NAE_ALA.png
214,sg-edited-images\chara\NAE_ALA_.lay,NAE_ALA_.lay
215,sg-edited-images\chara\NAE_AMA.png,NAE_AMA.png
216,sg-edited-images\chara\NAE_AMA_.lay,NAE_AMA_.lay
217,sg-edited-images\chara\NAE_ASA.png,NAE_ASA.png
218,sg-edited-images\chara\NAE_ASA_.lay,NAE_ASA_.lay
219,sg-edited-images\chara\NAK_ALA.png,NAK_ALA.png
220,sg-edited-images\chara\NAK_ALA_.lay,NAK_ALA_.lay
221,sg-edited-images\chara\NAK_AMA.png,NAK_AMA.png
222,sg-edited-images\chara\NAK_AMA_.lay,NAK_AMA_.lay
223,sg-edited-images\chara\NAK_ASA.png,NAK_ASA.png
224,sg-edited-images\chara\NAK_ASA_.lay,NAK_ASA_.lay
225,sg-edited-images\chara\RUK_ALA.png,RUK_ALA.png
226,sg-edited-images\chara\RUK_ALA_.lay,RUK_ALA_.lay
227,sg-edited-images\chara\RUK_ALB.png,RUK_ALB.png
228,sg-edited-images\chara\RUK_ALB_.lay,RUK_ALB_.lay
229,sg-edited-images\chara\RUK_AMA.png,RUK_AMA.png
230,sg-edited-images\chara\RUK_AMA_.lay,RUK_AMA_.lay
231,sg-edited-images\chara\RUK_AMB.png,RUK_AMB.png
232,sg-edited-images\chara\RUK_AMB_.lay,RUK_AMB_.lay
233,sg-edited-images\chara\RUK_ASA.png,RUK_ASA.png
234,sg-edited-images\chara\RUK_ASA_.lay,RUK_ASA_.lay
235,sg-edited-images\chara\RUK_ASB.png,RUK_ASB.png
236,sg-edited-images\chara\RUK_ASB_.lay,RUK_ASB_.lay
237,sg-edited-images\chara\SDO_ALA.png,SDO_ALA.png
238,sg-edited-images\chara\SDO_ALA_.lay,SDO_ALA_.lay
239,sg-edited-images\chara\SDO_AMA.png,SDO_AMA.png
240,sg-edited-images\chara\SDO_AMA_.lay,SDO_AMA_.lay
241,sg-edited-images\chara\SDO_ASA.png,SDO_ASA.png
242,sg-edited-images\chara\SDO_ASA_.lay,SDO_ASA_.lay
243,sg-edited-images\chara\SDO_BLA.png,SDO_BLA.png
244,sg-edited-images\chara\SDO_BLA_.lay,SDO_BLA_.lay
245,sg-edited-images\chara\SDO_BMA.png,SDO_BMA.png
246,sg-edited-images\chara\SDO_BMA_.lay,SDO_BMA_.lay
247,sg-edited-images\chara\SDO_BSA.png,SDO_BSA.png
248,sg-edited-images\chara\SDO_BSA_.lay,SDO_BSA_.lay
249,sg-edited-images\chara\SUZ_ALA.png,SUZ_ALA.png
250,sg-edited-images\chara\SUZ_ALA_.lay,SUZ_ALA_.lay
251,sg-edited-images\chara\SUZ_ALB.png,SUZ_ALB.png
252,sg-edited-images\chara\SUZ_ALB_.lay,SUZ_ALB_.lay
253,sg-edited-images\chara\SUZ_AMA.png,SUZ_AMA.png
254,sg-edited-images\chara\SUZ_AMA_.lay,SUZ_AMA_.lay
255,sg-edited-images\chara\SUZ_AMB.png,SUZ_AMB.png
256,sg-edited-images\chara\SUZ_AMB_.lay,SUZ_AMB_.lay
257,sg-edited-images\chara\SUZ_ASA.png,SUZ_ASA.png
258,sg-edited-images\chara\SUZ_ASA_.lay,SUZ_ASA_.lay
259,sg-edited-images\chara\SUZ_ASB.png,SUZ_ASB.png
260,sg-edited-images\chara\SUZ_ASB_.lay,SUZ_ASB_.lay
261,sg-edited-images\chara\SUZ_BLA.png,SUZ_BLA.png
262,sg-edited-images\chara\SUZ_BLA_.lay,SUZ_BLA_.lay
263,sg-edited-images\chara\SUZ_BLB.png,SUZ_BLB.png
264,sg-edited-images\chara\SUZ_BLB_.lay,SUZ_BLB_.lay
265,sg-edited-images\chara\SUZ_BMA.png,SUZ_BMA.png
266,sg-edited-images\chara\SUZ_BMA_.lay,SUZ_BMA_.lay
267,sg-edited-images\chara\SUZ_BMB.png,SUZ_BMB.png
268,sg-edited-images\chara\SUZ_BMB_.lay,SUZ_BMB_.lay
269,sg-edited-images\chara\SUZ_BSA.png,SUZ_BSA.png
270,sg-edited-images\chara\SUZ_BSA_.lay,SUZ_BSA_.lay
271,sg-edited-images\chara\SUZ_BSB.png,SUZ_BSB.png
272,sg-edited-images\chara\SUZ_BSB_.lay,SUZ_BSB_.lay
273,sg-edited-images\chara\TEN_ALA.png,TEN_ALA.png
274,sg-edited-images\chara\TEN_ALA_.lay,TEN_ALA_.lay
275,sg-edited-images\chara\TEN_AMA.png,TEN_AMA.png
276,sg-edited-images\chara\TEN_AMA_.lay,TEN_AMA_.lay
277,sg-edited-images\chara\TEN_ASA.png,TEN_ASA.png
278,sg-edited-images\chara\TEN_ASA_.lay,TEN_ASA_.lay
279,sg-edited-images\chara\URP_ALA.png,URP_ALA.png
280,sg-edited-images\chara\URP_ALA_.lay,URP_ALA_.lay
281,sg-edited-images\chara\URP_AMA.png,URP_AMA.png
282,sg-edited-images\chara\URP_AMA_.lay,URP_AMA_.lay
283,sg-edited-images\chara\URP_ASA.png,URP_ASA.png
284,sg-edited-images\chara\URP_ASA_.lay,URP_ASA_.lay
#2.2.0
285,sg-edited-images\system\CLEARLIST.dds,CLEARLIST.dds
286,sg-edited-images\bg\EV_Z01A.png,EV_Z01A.png
287,sg-edited-images\bg\TIT001.png,TIT001.png
288,sg-edited-images\bg\TIT002.png,TIT002.png
289,sg-edited-images\bg\TIT003.png,TIT003.png
290,sg-edited-images\bg\TIT004.png,TIT004.png
291,sg-edited-images\bg\TIT005.png,TIT005.png
292,sg-edited-images\bg\TIT006.png,TIT006.png
293,sg-edited-images\bg\TIT007.png,TIT007.png
294,sg-edited-images\bg\TIT008.png,TIT008.png
295,sg-edited-images\bg\TIT009.png,TIT009.png
296,sg-edited-images\bg\TIT010.png,TIT010.png
297,sg-edited-images\bg\TIT011.png,TIT011.png
298,sg-edited-images\bg\TIT012.png,TIT012.png
299,sg-edited-images\chara\TEN_BLA.png,TEN_BLA.png
300,sg-edited-images\chara\TEN_BLA_.lay,TEN_BLA_.lay
301,sg-edited-images\chara\TEN_BMA.png,TEN_BMA.png
302,sg-edited-images\chara\TEN_BMA_.lay,TEN_BMA_.lay
303,sg-edited-images\chara\TEN_BSA.png,TEN_BSA.png
304,sg-edited-images\chara\TEN_BSA_.lay,TEN_BSA_.lay
